arabic,arabic_image,english
تَذْكِرَةٌ,noun_images/noun_001.png,Ticket
تَذَاكِرُ,noun_images/noun_002.png,Ticket (P)
سَفَرٌ,noun_images/noun_003.png,Travel
أَسْفَارٌ,noun_images/noun_004.png,Travel (P)
دُبَيْ,noun_images/noun_005.png,Dubai
حَقِيبَةٌ,noun_images/noun_006.png,Backpack/Lugagge
حَقَائِبُ,noun_images/noun_007.png,Backpack/Lugagge (P)
عِنْدَ,noun_images/noun_008.png,"At/By/Around (See you at the Masjid, See you at Asr prayer) Describes proximity of time or place"
مَطارٌَ,noun_images/noun_009.png,Airport
مَطَارَاتٌ,noun_images/noun_010.png,Airport (P)
ِحَزينٌ,noun_images/noun_011.png,Sad
حُزَنَاءُ,noun_images/noun_012.png,Sad (P)
ِجَوَازُالَّسفَر,noun_images/noun_013.png,Passport
ِجَوَازَاتُالَّسفَر,noun_images/noun_014.png,Passport (P)
طَائِرَةٌ,noun_images/noun_015.png,Plane
طَائِرَاتٌ,noun_images/noun_016.png,Plane (P)
كَافٍ,noun_images/noun_017.png,Enough
كٌُّل,noun_images/noun_018.png,Everything
أَفْضَلُ,noun_images/noun_019.png,Better
أَقَلُّ,noun_images/noun_020.svg,Less
القَادِمَةُ,noun_images/noun_020.png,The next
القَادِمَاتُ,noun_images/noun_021.png,The next (P)
أَكْثَرُ,noun_images/noun_022.png,More
مُستَقْبَلٌ,noun_images/noun_023.png,Future
