past_arabic,past_arabic_image,past_english,present_arabic,present_arabic_image,present_english,passive_arabic,passive_arabic_image,passive_english,command_arabic,command_arabic_image,command_english,masdar_arabic,masdar_arabic_image,masdar_english,active_participle_arabic,active_participle_arabic_image
غَرَسَ,verb_images/verb_001_past.png,to plant (past + m),ِيَغْرسُ,verb_images/verb_001_present.png,to plant (present + m),مَغْرُوسٌ,verb_images/verb_001_passive.png,to plant (passive + m),ِاِغْرسْ,verb_images/verb_001_command.png,to plant (command),غَرْسٌ,verb_images/verb_001_masdar.png,to plant (masdar),ِغَارسٌ,verb_images/verb_001_active_participle.png
فََّرطَ,verb_images/verb_002_past.png,to neglect (past + m),يُفَِّرطُ,verb_images/verb_002_present.png,to neglect (present + m),#مُفَرطٌ,verb_images/verb_002_passive.png,to neglect (passive + m),فَِّرطْ,verb_images/verb_002_command.png,to neglect (command),ِتَفْريطٌ,verb_images/verb_002_masdar.png,to neglect (masdar),Fمُفَرطٌ,verb_images/verb_002_active_participle.png
سَلَفَ,verb_images/verb_003_past.png,to pass before (past + m),يَسْلفُُ,verb_images/verb_003_present.png,to pass before (present + m),مَسْلوفٌُ,verb_images/verb_003_passive.png,to pass before (passive + m),اُسْلُفْ,verb_images/verb_003_command.png,to pass before (command),سَلَفٌ/سُلوُفٌ,verb_images/verb_003_masdar.png,to pass before (masdar),سالِفٌ,verb_images/verb_003_active_participle.png
أهْمَلََ,verb_images/verb_004_past.png,to be careless (past + m),يُهْمِلُ,verb_images/verb_004_present.png,to be careless (present + m),مُهْمَلٌ,verb_images/verb_004_passive.png,to be careless (passive + m),أهْمِلَْ,verb_images/verb_004_command.png,to be careless (command),ِإهْمَالٌ,verb_images/verb_004_masdar.png,to be careless (masdar),مُهْمِلٌ,verb_images/verb_004_active_participle.png
رَعَى,verb_images/verb_005_past.png,to care for / look after (past + m),يَرْعَى,verb_images/verb_005_present.png,to care for / look after (present + m),َِْمَرعيç/رعي#ةٌ,verb_images/verb_005_passive.png,to care for / look after (passive + m),اِرْعَ,verb_images/verb_005_command.png,to care for / look after (command),رَعْيٌ,verb_images/verb_005_masdar.png,to care for / look after (masdar),ٍراع,verb_images/verb_005_active_participle.png
ِكَبرَ,verb_images/verb_006_past.png,to grow older / age (past + m),يَكْبَرُ,verb_images/verb_006_present.png,to grow older / age (present + m),-,,to grow older / age (passive + m),اِكْبَرْ,verb_images/verb_006_command.png,to grow older / age (command),ِكِبَرٌ/مَكْبرٌ,verb_images/verb_006_masdar.png,to grow older / age (masdar),ٌٌِِكابر/كَبير,verb_images/verb_006_active_participle.png
وََّحدَ,verb_images/verb_007_past.png,to unify (past + m),يُوَِّحدُ,verb_images/verb_007_present.png,to unify (present + m),مُوََّحدٌ,verb_images/verb_007_passive.png,to unify (passive + m),وَِّحدْ,verb_images/verb_007_command.png,to unify (command),تَوْحِيدٌ,verb_images/verb_007_masdar.png,to unify (masdar),مُوَِّحدٌ,verb_images/verb_007_active_participle.png
دََّبرَ,verb_images/verb_008_past.png,to manage (past + m),يُدَِّبرُ,verb_images/verb_008_present.png,to manage (present + m),مُدََّبرٌ,verb_images/verb_008_passive.png,to manage (passive + m),دَِّبرْ,verb_images/verb_008_command.png,to manage (command),ِتَدْبيرٌ,verb_images/verb_008_masdar.png,to manage (masdar),مُدَِّبرٌ,verb_images/verb_008_active_participle.png
أحْيَاَ,verb_images/verb_009_past.png,to give life (past + m),ِيُحْيي,verb_images/verb_009_present.png,to give life (present + m),مُحْيًى,verb_images/verb_009_passive.png,to give life (passive + m),ِأحْيَ,verb_images/verb_009_command.png,to give life (command),ِإحْيَاءٌ,verb_images/verb_009_masdar.png,to give life (masdar),ِمُحْيي,verb_images/verb_009_active_participle.png
أمَاتََ,verb_images/verb_010_past.png,to cause death (past + m),يُمِيتُ,verb_images/verb_010_present.png,to cause death (present + m),مُماتٌ,verb_images/verb_010_passive.png,to cause death (passive + m),أَمِتْ,verb_images/verb_010_command.png,to cause death (command),ِإمَاتَةٌ,verb_images/verb_010_masdar.png,to cause death (masdar),مُمِيتٌ,verb_images/verb_010_active_participle.png
عَصَى,verb_images/verb_011_past.png,to disobey (past + m),يَعْصِي,verb_images/verb_011_present.png,to disobey (present + m),ِمَعْصيç,verb_images/verb_011_passive.png,to disobey (passive + m),اِعْصِ,verb_images/verb_011_command.png,to disobey (command),عِصْيانٌ,verb_images/verb_011_masdar.png,to disobey (masdar),ٍعاص,verb_images/verb_011_active_participle.png
اِبْتَعَدَ,verb_images/verb_012_past.png,to distance (past + m),يَبْتَعِدُ,verb_images/verb_012_present.png,to distance (present + m),مُبْتَعَدٌ,verb_images/verb_012_passive.png,to distance (passive + m),اِبْتَعِدْ,verb_images/verb_012_command.png,to distance (command),اِبْتِعَادٌ,verb_images/verb_012_masdar.png,to distance (masdar),مُبْتَعِدٌ,verb_images/verb_012_active_participle.png
رََّوجَ,verb_images/verb_013_past.png,to promote / propagate (past + m),يُرَِّوجُ,verb_images/verb_013_present.png,to promote / propagate (present + m),َمُر#وجٌ,verb_images/verb_013_passive.png,to promote / propagate (passive + m),رَِّوجْ,verb_images/verb_013_command.png,to promote / propagate (command),ِتَرْويجٌ,verb_images/verb_013_masdar.png,to promote / propagate (masdar),َمُرFوجٌ,verb_images/verb_013_active_participle.png
ماجَ,verb_images/verb_014_past.png,to surge / swell (past + m),يَمُوجُ,verb_images/verb_014_present.png,to surge / swell (present + m),مَؤُوجٌ,verb_images/verb_014_passive.png,to surge / swell (passive + m),مُجْ,verb_images/verb_014_command.png,to surge / swell (command),مَوجٌ,verb_images/verb_014_masdar.png,to surge / swell (masdar),ِمائجٌ,verb_images/verb_014_active_participle.png
أمَرََ,verb_images/verb_015_past.png,to command (past + m),يَأمُرُْ,verb_images/verb_015_present.png,to command (present + m),مَأمُورٌْ,verb_images/verb_015_passive.png,to command (passive + m),مُرْ,verb_images/verb_015_command.png,to command (command),أمْرٌَ,verb_images/verb_015_masdar.png,to command (masdar),آمِرٌ,verb_images/verb_015_active_participle.png
ضَرَب,verb_images/verb_016_past.png,to hit (past + m),ِيَضْربُ,verb_images/verb_016_present.png,to hit (present + m),مَضْرُوبٌ,verb_images/verb_016_passive.png,to hit (passive + m),ِاِضْربْ,verb_images/verb_016_command.png,to hit (command),ضَرْبٌ,verb_images/verb_016_masdar.png,to hit (masdar),ِضَاربٌ,verb_images/verb_016_active_participle.png
أَّدىَ,verb_images/verb_017_past.png,to perform / carry out (past + m),يُؤَِّدي,verb_images/verb_017_present.png,to perform / carry out (present + m),مُؤَدّىً,verb_images/verb_017_passive.png,to perform / carry out (passive + m),أِّدَ,verb_images/verb_017_command.png,to perform / carry out (command),تَأْدِيةٌ/أدَاءٌ,verb_images/verb_017_masdar.png,to perform / carry out (masdar),مُؤٍَّد,verb_images/verb_017_active_participle.png
قََّبلَ,verb_images/verb_018_past.png,to kiss (past + m),يُقَِّبلُ,verb_images/verb_018_present.png,to kiss (present + m),مٌقََّبلٌ,verb_images/verb_018_passive.png,to kiss (passive + m),قَِّبلْ,verb_images/verb_018_command.png,to kiss (command),ِتَقْبيلٌ,verb_images/verb_018_masdar.png,to kiss (masdar),مُقَِّبلٌ,verb_images/verb_018_active_participle.png
