arabic,arabic_image,english
ِب حَيْثُ,phrase_images/phrase_001.png,In such a way that / So that
الِّس تِي نَِّياتِ,phrase_images/phrase_002.png,The sixties
ِِب نَفْس الُّصو رَةِ,phrase_images/phrase_004.png,In the same way
ِِبغَِّض الَّن ظَر,phrase_images/phrase_006.png,Regardless
مُبَا شَرَةً,phrase_images/phrase_008.png,Immediately
مِرَا رًا وَتَك رَارًا,phrase_images/phrase_010.png,Repeatedly / Time and again
جُمْلَةً,phrase_images/phrase_012.png,All at once
ِإلَى حٍَّدمَا,phrase_images/phrase_014.png,To a certain extent
ِقَُّطا عُالُّط رُق,phrase_images/phrase_016.png,Bandits
مَدَى سِنِين,phrase_images/phrase_018.png,For years / Over the years
ِِعَلى إثرْ,phrase_images/phrase_020.png,After
كِيَا نُهُ,phrase_images/phrase_022.png,His entity / His existence
