past_arabic,past_arabic_image,harf_arabic,past_english,present_arabic,present_arabic_image,present_english,passive_arabic,passive_arabic_image,passive_english,command_arabic,command_arabic_image,command_english,masdar_arabic,masdar_arabic_image,masdar_english,active_participle_arabic,active_participle_arabic_image
حَمِدَ,verb_images/verb_001_past.png,,to praise (past + m),يَحْمَدُ,verb_images/verb_001_present.png,to praise (present + m),,,,اِحْمَدْ,verb_images/verb_001_command.png,to praise (command),حَمْدٌ,verb_images/verb_001_masdar.png,to praise (masdar),,
حََّدثَ,verb_images/verb_002_past.png,َعْن,to tell (past + m),يُحَِّدثُ,verb_images/verb_002_present.png,to tell (present + m),,,,حَِّدثْ,verb_images/verb_002_command.png,to tell (command),تَحْدِيثٌ,verb_images/verb_002_masdar.png,to tell (masdar),,
تَشََّرفَ,verb_images/verb_003_past.png,ِب,to be honored (past + m),يَتَشََّرفُ,verb_images/verb_003_present.png,to be honored (present + m),,,,تَشََّرفْ,verb_images/verb_003_command.png,to be honored (command),تَشَُّرفٌ,verb_images/verb_003_masdar.png,to be honored (masdar),,
وََّد,verb_images/verb_004_past.png,,to love/to want/to wish (past + m),يَوَُّد,verb_images/verb_004_present.png,to love/to want/to wish (present + m),,,,وََّد,verb_images/verb_004_command.png,to love/to want/to wish (command),مَوََّدةٌ,verb_images/verb_004_masdar.png,to love/to want/to wish (masdar),,
وَدَعَ,verb_images/verb_005_past.png,,to let the thing /to leave out the thing (past + m),يَدَعُ,verb_images/verb_005_present.png,to let the thing /to leave out the thing (present + m),,,,دَعْ,verb_images/verb_005_command.png,to let the thing /to leave out the thing (command),وَدْعٌ,verb_images/verb_005_masdar.png,to let the thing /to leave out the thing (masdar),,
رَغِبَ,verb_images/verb_006_past.png,ِفي,to desire (past + m),يَرْغَبُ,verb_images/verb_006_present.png,to desire (present + m),,,,اِرْغَبْ,verb_images/verb_006_command.png,to desire (command),رَغْبَةٌ,verb_images/verb_006_masdar.png,to desire (masdar),,
رَغِبَ,verb_images/verb_007_past.png,عَن,to dislike (past + m),يَرْغَبُ,verb_images/verb_007_present.png,to dislike (present + m),,,,اِرْغَبْ,verb_images/verb_007_command.png,to dislike (command),رَغْبَةٌ,verb_images/verb_007_masdar.png,to dislike (masdar),,
ظَّنَ,verb_images/verb_008_past.png,,to think (past + m),يَظُّنُ,verb_images/verb_008_present.png,to think (present + m),,,,ظَّنُ,verb_images/verb_008_command.png,to think (command),ظٌّنَ,verb_images/verb_008_masdar.png,to think (masdar),,
زَارَ,verb_images/verb_009_past.png,,to visit (past + m),يَزُورُ,verb_images/verb_009_present.png,to visit (present + m),,,,زُرْ,verb_images/verb_009_command.png,to visit (command),ِزيَارَةٌ,verb_images/verb_009_masdar.png,to visit (masdar),,
بَقِيَ,verb_images/verb_010_past.png,,to remain (past + m),يَبْقَى,verb_images/verb_010_present.png,to remain (present + m),,,,اِبْقَ,verb_images/verb_010_command.png,to remain (command),بَقَاءٌ,verb_images/verb_010_masdar.png,to remain (masdar),,
جَاءَ,verb_images/verb_011_past.png,,to come (past + m),ِيَجيء,verb_images/verb_011_present.png,to come (present + m),,,,ِجئْ,verb_images/verb_011_command.png,to come (command),ِمَجيءٌ,verb_images/verb_011_masdar.png,to come (masdar),,
اِنْتَهَى,verb_images/verb_012_past.png,,to finish (past + m),ِيَنْتَهي,verb_images/verb_012_present.png,to finish (present + m),,,,انْتَهِ,verb_images/verb_012_command.png,to finish (command),اِنْتِهَاءٌ,verb_images/verb_012_masdar.png,to finish (masdar),,
نَوَى,verb_images/verb_013_past.png,,to intend (past + m),ِيَنْوي,verb_images/verb_013_present.png,to intend (present + m),,,,ِاِنْو,verb_images/verb_013_command.png,to intend (command),نَِّيةٌ,verb_images/verb_013_masdar.png,to intend (masdar),,
اِهْتََّم,verb_images/verb_014_past.png,,to give importance (past + m),يَهْتَُّم,verb_images/verb_014_present.png,to give importance (present + m),,,,اِهْتََّم,verb_images/verb_014_command.png,to give importance (command),اِهْتِمَامٌ,verb_images/verb_014_masdar.png,to give importance (masdar),,
اِسْتَقََّر,verb_images/verb_015_past.png,,to settle (past + m),يَسْتَقُِّر,verb_images/verb_015_present.png,to settle (present + m),,,,اِسْتَقَِّر,verb_images/verb_015_command.png,to settle (command),اِسْتِقْرَارٌ,verb_images/verb_015_masdar.png,to settle (masdar),,
اِعْتَنَى,verb_images/verb_016_past.png,ِب,to care for (past + m),يَعْتَنِي,verb_images/verb_016_present.png,to care for (present + m),,,,ِاِعْتَن,verb_images/verb_016_command.png,to care for (command),اِعْتِنَاءٌ,verb_images/verb_016_masdar.png,to care for (masdar),,
تُوُِّفيَ,verb_images/verb_017_past.png,,to pass away (past + m),-,,to pass away (present + m),,,,-,,to pass away (command),-,,to pass away (masdar),,
شَاءَ,verb_images/verb_018_past.png,,to will (past + m),يَشَاءُ,verb_images/verb_018_present.png,to will (present + m),,,,شَأْ,verb_images/verb_018_command.png,to will (command),مَشِيئَةٌ,verb_images/verb_018_masdar.png,to will (masdar),,
وََّفقَ,verb_images/verb_019_past.png,,to give success (past + m),يُوَِّفقُ,verb_images/verb_019_present.png,to give success (present + m),,,,وَِّفقْ,verb_images/verb_019_command.png,to give success (command),تَوْفِيقٌ,verb_images/verb_019_masdar.png,to give success (masdar),,
طمَحََ,verb_images/verb_020_past.png,ِإَلى,to aspire/to aim at (past + m),يَطمَحُْ,verb_images/verb_020_present.png,to aspire/to aim at (present + m),,,,اِطمَحْْ,verb_images/verb_020_command.png,to aspire/to aim at (command),طمُوحٌُ,verb_images/verb_020_masdar.png,to aspire/to aim at (masdar),,
رَحِمَ,verb_images/verb_021_past.png,,to grant mercy (past + m),يَرْحَمُ,verb_images/verb_021_present.png,to grant mercy (present + m),,,,اِرْحَمْ,verb_images/verb_021_command.png,to grant mercy (command),رَحْمَةٌ,verb_images/verb_021_masdar.png,to grant mercy (masdar),,
